{
  "hash": "a38e3eff",
  "configHash": "6b16235c",
  "lockfileHash": "1e250e61",
  "browserHash": "a0983875",
  "optimized": {
    "@angular/common": {
      "src": "../../../../../node_modules/@angular/common/fesm2022/common.mjs",
      "file": "@angular_common.js",
      "fileHash": "4272577f",
      "needsInterop": false
    },
    "@angular/common/http": {
      "src": "../../../../../node_modules/@angular/common/fesm2022/http.mjs",
      "file": "@angular_common_http.js",
      "fileHash": "6de6f2aa",
      "needsInterop": false
    },
    "@angular/core": {
      "src": "../../../../../node_modules/@angular/core/fesm2022/core.mjs",
      "file": "@angular_core.js",
      "fileHash": "32fd4c25",
      "needsInterop": false
    },
    "@angular/forms": {
      "src": "../../../../../node_modules/@angular/forms/fesm2022/forms.mjs",
      "file": "@angular_forms.js",
      "fileHash": "ca155294",
      "needsInterop": false
    },
    "@angular/platform-browser": {
      "src": "../../../../../node_modules/@angular/platform-browser/fesm2022/platform-browser.mjs",
      "file": "@angular_platform-browser.js",
      "fileHash": "bf15be37",
      "needsInterop": false
    },
    "@angular/router": {
      "src": "../../../../../node_modules/@angular/router/fesm2022/router.mjs",
      "file": "@angular_router.js",
      "fileHash": "63340ddf",
      "needsInterop": false
    },
    "rxjs": {
      "src": "../../../../../node_modules/rxjs/dist/esm5/index.js",
      "file": "rxjs.js",
      "fileHash": "d0cfc9ac",
      "needsInterop": false
    }
  },
  "chunks": {
    "chunk-PJWGX6PG": {
      "file": "chunk-PJWGX6PG.js"
    },
    "chunk-W5G3Y5Q7": {
      "file": "chunk-W5G3Y5Q7.js"
    },
    "chunk-6LEEHN4L": {
      "file": "chunk-6LEEHN4L.js"
    },
    "chunk-6S4F5JB6": {
      "file": "chunk-6S4F5JB6.js"
    },
    "chunk-SXIXOCJ4": {
      "file": "chunk-SXIXOCJ4.js"
    }
  }
}