{
  "hash": "5efddf37",
  "configHash": "6981d898",
  "lockfileHash": "5dd1f464",
  "browserHash": "9c389f6b",
  "optimized": {
    "@angular/common": {
      "src": "../../../../../node_modules/@angular/common/fesm2022/common.mjs",
      "file": "@angular_common.js",
      "fileHash": "592744c9",
      "needsInterop": false
    },
    "@angular/common/http": {
      "src": "../../../../../node_modules/@angular/common/fesm2022/http.mjs",
      "file": "@angular_common_http.js",
      "fileHash": "3a4402b4",
      "needsInterop": false
    },
    "@angular/core": {
      "src": "../../../../../node_modules/@angular/core/fesm2022/core.mjs",
      "file": "@angular_core.js",
      "fileHash": "4c897515",
      "needsInterop": false
    },
    "@angular/forms": {
      "src": "../../../../../node_modules/@angular/forms/fesm2022/forms.mjs",
      "file": "@angular_forms.js",
      "fileHash": "91b7a545",
      "needsInterop": false
    },
    "@angular/platform-browser": {
      "src": "../../../../../node_modules/@angular/platform-browser/fesm2022/platform-browser.mjs",
      "file": "@angular_platform-browser.js",
      "fileHash": "54c44caa",
      "needsInterop": false
    },
    "@angular/router": {
      "src": "../../../../../node_modules/@angular/router/fesm2022/router.mjs",
      "file": "@angular_router.js",
      "fileHash": "e3c64e38",
      "needsInterop": false
    },
    "rxjs": {
      "src": "../../../../../node_modules/rxjs/dist/esm5/index.js",
      "file": "rxjs.js",
      "fileHash": "b65d83ad",
      "needsInterop": false
    },
    "jspdf": {
      "src": "../../../../../node_modules/jspdf/dist/jspdf.es.min.js",
      "file": "jspdf.js",
      "fileHash": "5f8e1487",
      "needsInterop": false
    },
    "xlsx": {
      "src": "../../../../../node_modules/xlsx/xlsx.mjs",
      "file": "xlsx.js",
      "fileHash": "2a73bc85",
      "needsInterop": false
    },
    "jspdf-autotable": {
      "src": "../../../../../node_modules/jspdf-autotable/dist/jspdf.plugin.autotable.js",
      "file": "jspdf-autotable.js",
      "fileHash": "c452c9aa",
      "needsInterop": true
    }
  },
  "chunks": {
    "html2canvas.esm-3YFDEXUX": {
      "file": "html2canvas__esm-3YFDEXUX.js"
    },
    "purify.es-KRMXKBW6": {
      "file": "purify__es-KRMXKBW6.js"
    },
    "index.es-JV3IMY2U": {
      "file": "index__es-JV3IMY2U.js"
    },
    "chunk-DQZYSII3": {
      "file": "chunk-DQZYSII3.js"
    },
    "chunk-2NRCFZVT": {
      "file": "chunk-2NRCFZVT.js"
    },
    "chunk-DIGLCEJH": {
      "file": "chunk-DIGLCEJH.js"
    },
    "chunk-BHSTOFA5": {
      "file": "chunk-BHSTOFA5.js"
    },
    "chunk-WSA2QMXP": {
      "file": "chunk-WSA2QMXP.js"
    },
    "chunk-FO5FLLNV": {
      "file": "chunk-FO5FLLNV.js"
    },
    "chunk-MAN4NYY2": {
      "file": "chunk-MAN4NYY2.js"
    },
    "chunk-IEMOZLTW": {
      "file": "chunk-IEMOZLTW.js"
    }
  }
}